image_name,image_path,image_url,original_height,original_width,caption_reference_description,page_title
image_الريصاني.jpg,data/image_الريصاني.jpg,https://upload.wikimedia.org/wikipedia/commons/e/ef/Moulay-Ali-Cherif-Mausoleum-jleitao.jpg,800,1200,,الريصاني
image_Huracán_Fausto_(2002).jpg,data/image_Huracán_Fausto_(2002).jpg,https://upload.wikimedia.org/wikipedia/commons/1/1a/Tropical_Storm_Fausto_%282002%29_at_high_latitude_on_2002-09-02_at_UTC_0000.JPG,133,129,,Huracán Fausto (2002)
image_Jastrow_illusion.jpg,data/image_Jastrow_illusion.jpg,https://upload.wikimedia.org/wikipedia/commons/4/49/Jastrow-illusion-track.jpg,650,1143,,Jastrow illusion
image_Serat_Menak_Sasak.jpg,data/image_Serat_Menak_Sasak.jpg,https://upload.wikimedia.org/wikipedia/commons/1/1a/ZP_05_Konkalisahak_00.jpg,300,387,,Serat Menak Sasak
image_Invesco.jpg,data/image_Invesco.jpg,https://upload.wikimedia.org/wikipedia/commons/0/05/Invesco.jpg,596,668,,Invesco
image_TruJet.jpg,data/image_TruJet.jpg,https://upload.wikimedia.org/wikipedia/commons/5/53/TruJet_VT-TMP_at_Hyderabad%2C_Sep_2015.jpg,683,1024,,TruJet
image_Drosophila_setosimentum.jpg,data/image_Drosophila_setosimentum.jpg,https://upload.wikimedia.org/wikipedia/commons/8/85/Drosophila_setosimentum.jpg,365,283,,Drosophila setosimentum
image_青背竹筴魚.jpg,data/image_青背竹筴魚.jpg,https://upload.wikimedia.org/wikipedia/commons/9/92/Trachurus_declivis.jpg,736,1024,,青背竹筴魚
image_Lancia.jpg,data/image_Lancia.jpg,https://upload.wikimedia.org/wikipedia/commons/f/fe/2006_Rally_Legend_-_Lancia_Delta_HF_Integrale_16v.jpg,600,800,,Lancia
image_Lista_de_Gobernadores_Xerais_do_Canadá.jpg,data/image_Lista_de_Gobernadores_Xerais_do_Canadá.jpg,https://upload.wikimedia.org/wikipedia/commons/6/63/Lord_Stanley_of_Preston.jpg,536,446,,Lista de Gobernadores Xerais do Canadá
image_The_Clash.jpg,data/image_The_Clash.jpg,https://upload.wikimedia.org/wikipedia/commons/3/34/Clash_21051980_12_800.jpg,468,800,,The Clash
image_Państwa_Osi.jpg,data/image_Państwa_Osi.jpg,https://upload.wikimedia.org/wikipedia/commons/5/54/Philippines_flag_original.png,200,400,,Państwa Osi
image_Pthirus_gorillae.jpg,data/image_Pthirus_gorillae.jpg,https://upload.wikimedia.org/wikipedia/commons/6/60/Pthirus_gorillae.jpg,234,285,,Pthirus gorillae
image_神話及傳說中的龍列表.jpg,data/image_神話及傳說中的龍列表.jpg,https://upload.wikimedia.org/wikipedia/commons/c/c7/Wyvern_Liber_Floridus.jpg,696,460,,神話及傳說中的龍列表
image_Ernst_Röhm.jpg,data/image_Ernst_Röhm.jpg,https://upload.wikimedia.org/wikipedia/commons/d/d7/Bundesarchiv_Bild_102-15282A%2C_Ernst_R%C3%B6hm.jpg,800,567,,Ernst Röhm
image_Gongen.jpg,data/image_Gongen.jpg,https://upload.wikimedia.org/wikipedia/commons/a/af/Gongen_Zukuri.png,642,523,,Gongen
image_Pielęgnicowate.jpg,data/image_Pielęgnicowate.jpg,https://upload.wikimedia.org/wikipedia/commons/2/26/Angel_fish.JPG,431,269,,Pielęgnicowate
image_Jean-Paul_Chambas.jpg,data/image_Jean-Paul_Chambas.jpg,https://upload.wikimedia.org/wikipedia/commons/c/ca/Jean-Paul_Chambas_%281995%29.png,255,312,,Jean-Paul Chambas
image_James_Honeyman-Scott.jpg,data/image_James_Honeyman-Scott.jpg,https://upload.wikimedia.org/wikipedia/commons/6/6f/James-Honeyman-Scott-Grave.jpg,487,372,,James Honeyman-Scott
image_Chuck_Berry.jpg,data/image_Chuck_Berry.jpg,https://upload.wikimedia.org/wikipedia/commons/5/52/Chuck_Berry_1972.JPG,825,739,,Chuck Berry
image_Iron_pillar_of_Delhi.jpg,data/image_Iron_pillar_of_Delhi.jpg,http://upload.wikimedia.org/wikipedia/commons/1/18/The_Iron_Pillar%2C_Kutab_Minar%2C_Delhi.jpg,1122,1633,,Iron pillar of Delhi
image_전봉준.jpg,data/image_전봉준.jpg,https://upload.wikimedia.org/wikipedia/commons/7/73/Jeon_Bong-jun.JPG,394,560,,전봉준
image_Tavoez.jpg,data/image_Tavoez.jpg,https://upload.wikimedia.org/wikipedia/commons/4/4e/Thames_map.png,253,396,,Tavoez
image_Kirbyville_(Texas).jpg,data/image_Kirbyville_(Texas).jpg,http://upload.wikimedia.org/wikipedia/commons/0/00/TXMap-doton-Kirbyville.PNG,284,300,,Kirbyville (Texas)
image_Мордва.jpg,data/image_Мордва.jpg,https://upload.wikimedia.org/wikipedia/commons/f/f5/Mordvins_%281870%29.jpg,500,685,,Мордва
image_アドルフ・ヒトラーの死.jpg,data/image_アドルフ・ヒトラーの死.jpg,https://upload.wikimedia.org/wikipedia/commons/e/e1/F%C3%BChrerbunker-ja.png,1318,1024,,アドルフ・ヒトラーの死
image_Juan_Hernangómez.jpg,data/image_Juan_Hernangómez.jpg,https://upload.wikimedia.org/wikipedia/commons/c/c3/Juan_Hernangomez.jpg,448,402,,Juan Hernangómez
image_CH-47_(航空機).jpg,data/image_CH-47_(航空機).jpg,https://upload.wikimedia.org/wikipedia/commons/e/ef/US_Army_UH-60M_%28cropped%29.jpg,1042,1543,,CH-47 (航空機)
image_Австралийская_лейбористская_партия.jpg,data/image_Австралийская_лейбористская_партия.jpg,https://upload.wikimedia.org/wikipedia/commons/5/51/JamesSc.JPG,559,393,,Австралийская лейбористская партия
image_Sotniile_Negre.jpg,data/image_Sotniile_Negre.jpg,https://upload.wikimedia.org/wikipedia/commons/6/6a/%D0%A3%D1%81%D1%82%D0%B0%D0%B2_%D0%A1%D0%BE%D1%8E%D0%B7%D0%B0_%D0%A0%D1%83%D1%81%D1%81%D0%BA%D0%BE%D0%B3%D0%BE_%D0%BD%D0%B0%D1%80%D0%BE%D0%B4%D0%B0.jpg,273,200,,Sotniile Negre
image_陸上自衛隊北部方面隊.jpg,data/image_陸上自衛隊北部方面隊.jpg,https://upload.wikimedia.org/wikipedia/commons/e/e3/%E3%82%A4%E3%83%99%E3%83%B3%E3%83%88%E3%83%BB%E8%A1%8C%E4%BA%8B%E3%83%BB%E5%BA%83%E5%A0%B1%E6%B4%BB%E5%8B%95%E7%AD%89_25.jpg,853,1280,,陸上自衛隊北部方面隊
image_Caprimulgus.jpg,data/image_Caprimulgus.jpg,https://upload.wikimedia.org/wikipedia/commons/4/4b/Caprimulgus_macrurus.jpg,757,1024,,Caprimulgus
image_Sea_urchin.jpg,data/image_Sea_urchin.jpg,https://upload.wikimedia.org/wikipedia/commons/4/40/Fossil_Echinoid_Echinocorys.jpg,225,300,,Sea urchin
image_Fovant_Badges.jpg,data/image_Fovant_Badges.jpg,https://upload.wikimedia.org/wikipedia/commons/f/f2/Fovant_Badges_-_geograph.org.uk_-_1306244.jpg,481,640,,Fovant Badges
image_Vexations.jpg,data/image_Vexations.jpg,https://upload.wikimedia.org/wikipedia/commons/e/e6/Vexations_erik_satie_piano_sheet.jpeg,515,650,,Vexations
image_Immaculée_Ilibagiza.jpg,data/image_Immaculée_Ilibagiza.jpg,https://upload.wikimedia.org/wikipedia/commons/6/61/Immacule_Illibagiza_2007.jpg,380,165,,Immaculée Ilibagiza
image_ناتسومى_اب.jpg,data/image_ناتسومى_اب.jpg,https://upload.wikimedia.org/wikipedia/commons/2/2c/%E5%AE%89%E5%80%8D%E3%81%AA%E3%81%A4%E3%81%BF.jpg,1497,1000,,ناتسومى اب
image_Tsampa.jpg,data/image_Tsampa.jpg,https://upload.wikimedia.org/wikipedia/commons/a/a9/Tsang.jpg,768,1024,,Tsampa
image_List_of_the_Cenozoic_life_of_Wyoming.jpg,data/image_List_of_the_Cenozoic_life_of_Wyoming.jpg,https://upload.wikimedia.org/wikipedia/commons/4/44/Batodonoides_cropped.png,174,188,,List of the Cenozoic life of Wyoming
image_洛里斯·卡利奧斯.jpg,data/image_洛里斯·卡利奧斯.jpg,https://upload.wikimedia.org/wikipedia/commons/4/4c/Loris_Karius.jpg,963,566,,洛里斯·卡利奧斯
image_朝韩非军事区.jpg,data/image_朝韩非军事区.jpg,https://upload.wikimedia.org/wikipedia/commons/8/82/KPA3-2a.jpg,519,832,,朝韩非军事区
image_Charles_Francis_Hall.jpg,data/image_Charles_Francis_Hall.jpg,http://upload.wikimedia.org/wikipedia/commons/8/8d/Cfhall_harpers.jpg,284,237,,Charles Francis Hall
image_2018–2019-es_holland_labdarúgókupa.jpg,data/image_2018–2019-es_holland_labdarúgókupa.jpg,https://upload.wikimedia.org/wikipedia/commons/b/be/Knvbbeker_cropped.jpg,537,377,,2018–2019-es holland labdarúgókupa
image_Hapkido.jpg,data/image_Hapkido.jpg,https://upload.wikimedia.org/wikipedia/commons/8/80/Hankumdo-practice.jpg,400,600,,Hapkido
image_List_of_sigils_of_demons.jpg,data/image_List_of_sigils_of_demons.jpg,https://upload.wikimedia.org/wikipedia/commons/7/75/57-Ose_seal.png,450,450,,List of sigils of demons
image_Concentration.jpg,data/image_Concentration.jpg,http://upload.wikimedia.org/wikipedia/commons/6/63/Dilution-concentration_simple_example.jpg,154,360,,Concentration
image_Chuột_chù_Harenna.jpg,data/image_Chuột_chù_Harenna.jpg,https://upload.wikimedia.org/wikipedia/commons/c/cd/Harenna_Shrew_area.png,333,297,,Chuột chù Harenna
image_सोमनाथ_मन्दिर.jpg,data/image_सोमनाथ_मन्दिर.jpg,https://upload.wikimedia.org/wikipedia/commons/f/f6/Somnath-current.jpg,534,712,,सोमनाथ मन्दिर
image_Mac_transition_to_Apple_Silicon.jpg,data/image_Mac_transition_to_Apple_Silicon.jpg,https://upload.wikimedia.org/wikipedia/commons/7/76/MacBook_Pro.png,1305,1623,,Mac transition to Apple Silicon
image_Дарьяльское_ущелье.jpg,data/image_Дарьяльское_ущелье.jpg,https://upload.wikimedia.org/wikipedia/commons/b/b7/Darielpass_1906.jpg,368,498,,Дарьяльское ущелье
image_Quân_đoàn_IV_(Việt_Nam_Cộng_hòa).jpg,data/image_Quân_đoàn_IV_(Việt_Nam_Cộng_hòa).jpg,https://upload.wikimedia.org/wikipedia/commons/7/7b/QD_IV_VNCH.jpg,280,280,,Quân đoàn IV (Việt Nam Cộng hòa)
image_McDonnell_Douglas_Harrier_II.jpg,data/image_McDonnell_Douglas_Harrier_II.jpg,https://upload.wikimedia.org/wikipedia/commons/2/21/DM-SD-02-01334.jpg,427,640,,McDonnell Douglas Harrier II
image_Skybox_(jogos_eletrônicos).jpg,data/image_Skybox_(jogos_eletrônicos).jpg,https://upload.wikimedia.org/wikipedia/commons/0/06/Skybox_sky.png,256,256,,Skybox (jogos eletrônicos)
image_马六甲围城战役_(1511年).jpg,data/image_马六甲围城战役_(1511年).jpg,https://upload.wikimedia.org/wikipedia/commons/a/ac/Conquista_de_Malaca%2C_estudo_-_Ernesto_Condeixa_%28cropped%29.png,794,530,,马六甲围城战役 (1511年)
image_Gabriele_Prinzessin_zu_Leiningen.jpg,data/image_Gabriele_Prinzessin_zu_Leiningen.jpg,https://upload.wikimedia.org/wikipedia/commons/f/fa/Bak-portrait.jpg,353,300,,Gabriele Prinzessin zu Leiningen
image_Dr.ストレッチ.jpg,data/image_Dr.ストレッチ.jpg,https://upload.wikimedia.org/wikipedia/commons/5/5b/%E3%83%89%E3%82%AF%E3%82%BF%E3%83%BC%E3%82%B9%E3%83%88%E3%83%AC%E3%83%83%E3%83%81%E5%9B%BD%E5%88%86%E5%AF%BA.jpg,360,426,,Dr.ストレッチ
image_Dracula_simia.jpg,data/image_Dracula_simia.jpg,https://upload.wikimedia.org/wikipedia/commons/5/5a/15.Dracula_simia%2C_the_Monkey_Face_Orchid_%2810957423336%29.jpg,900,571,,Dracula simia
image_Christianity_in_the_Middle_Ages.jpg,data/image_Christianity_in_the_Middle_Ages.jpg,https://upload.wikimedia.org/wikipedia/commons/8/8d/V%C4%9Bnceslav_%C4%8Cern%C3%BD_-_P%C5%99%C3%ADchod_v%C4%9Brozv%C4%9Bst%C5%AF_Cyrila_a_Metod%C4%9Bje_na_Moravu.jpg,333,479,,Christianity in the Middle Ages
image_يوجين_أمانو.jpg,data/image_يوجين_أمانو.jpg,https://upload.wikimedia.org/wikipedia/commons/a/a7/Eugene-Amano-TitansvsPackers-Nov-2-08.jpg,589,404,,يوجين أمانو
image_ساحة_الحرية،_يريفان.jpg,data/image_ساحة_الحرية،_يريفان.jpg,https://upload.wikimedia.org/wikipedia/commons/b/b5/Karabakh_movement_demonstration_at_Yerevan_Opera_square_%284%29.jpg,518,849,,ساحة الحرية، يريفان
image_VDSL.jpg,data/image_VDSL.jpg,http://upload.wikimedia.org/wikipedia/commons/3/32/VDSL2_frequencies.png,204,800,,VDSL
image_Propulsor_de_íons.jpg,data/image_Propulsor_de_íons.jpg,http://upload.wikimedia.org/wikipedia/commons/4/40/DS1_Ion_Engine_Diagram.jpg,330,492,,Propulsor de íons
image_اورینگ.jpg,data/image_اورینگ.jpg,http://upload.wikimedia.org/wikipedia/commons/1/12/O-rings.jpg,375,212,,اورینگ
image_Mensur_(Studentenverbindung).jpg,data/image_Mensur_(Studentenverbindung).jpg,https://upload.wikimedia.org/wikipedia/commons/4/41/Dendrono_-_Der_fechtende_Student.jpg,774,1114,,Mensur (Studentenverbindung)
image_Gürsel_Aksel_Stadyumu.jpg,data/image_Gürsel_Aksel_Stadyumu.jpg,https://upload.wikimedia.org/wikipedia/commons/1/13/G%C3%B6ztepe_Stadyumu.jpg,2928,5108,,Gürsel Aksel Stadyumu
image_YCbCr.jpg,data/image_YCbCr.jpg,https://upload.wikimedia.org/wikipedia/commons/b/b8/YCbCr.GIF,240,240,,YCbCr
image_アリレザ・ベイランヴァンド.jpg,data/image_アリレザ・ベイランヴァンド.jpg,https://upload.wikimedia.org/wikipedia/commons/7/7a/Alireza_Beiranvand_-_2018_FIFA_World_Cup.jpg,522,346,,アリレザ・ベイランヴァンド
image_夏洛特_(北卡羅來納州).jpg,data/image_夏洛特_(北卡羅來納州).jpg,https://upload.wikimedia.org/wikipedia/commons/d/dd/Bank_of_America_Corporate_Center.jpg,2032,1524,,夏洛特 (北卡羅來納州)
image_溫頓郡政府.jpg,data/image_溫頓郡政府.jpg,http://upload.wikimedia.org/wikipedia/commons/f/f6/Winton_LGA_Qld.png,535,400,,溫頓郡政府
image_खतना.jpg,data/image_खतना.jpg,https://upload.wikimedia.org/wikipedia/commons/5/5c/Penile_nerve_block_dorsal.jpg,864,1152,,खतना
image_690.jpg,data/image_690.jpg,https://upload.wikimedia.org/wikipedia/commons/a/aa/A_Tang_Dynasty_Empress_Wu_Zetian.JPG,393,347,,690
image_Warystor.jpg,data/image_Warystor.jpg,https://upload.wikimedia.org/wikipedia/commons/7/71/Varistor_symbol_1.png,200,400,,Warystor
image_マレー川.jpg,data/image_マレー川.jpg,http://upload.wikimedia.org/wikipedia/commons/3/3b/Murray_darling_murrumbidgee_map.gif,452,581,,マレー川
image_池尻_(世田谷区).jpg,data/image_池尻_(世田谷区).jpg,https://upload.wikimedia.org/wikipedia/commons/c/c6/%E4%B8%96%E7%94%B0%E8%B0%B7%E5%8C%BA%E7%AB%8B%E6%B1%A0%E5%B0%BB%E4%BA%8C%E4%B8%81%E7%9B%AE%E5%BA%83%E5%A0%B4_-_panoramio.jpg,1522,2031,,池尻 (世田谷区)
image_T'aypik.jpg,data/image_T'aypik.jpg,https://upload.wikimedia.org/wikipedia/commons/9/96/Districts_of_Taipei-Taiwan.png,457,346,,T'aypik
image_ספיר.jpg,data/image_ספיר.jpg,https://upload.wikimedia.org/wikipedia/commons/c/c5/Sapphire_oval%2C_untreated_2.25cts.jpg,300,300,,ספיר
image_Natalja_Wiktorowna_Polosmak.jpg,data/image_Natalja_Wiktorowna_Polosmak.jpg,https://upload.wikimedia.org/wikipedia/commons/e/ee/Mummy_of_the_Ukok_Princess.jpg,576,720,,Natalja Wiktorowna Polosmak
image_한큐전철.jpg,data/image_한큐전철.jpg,http://upload.wikimedia.org/wikipedia/commons/a/a0/HK-Nishinomiya-kitaguchiStation-1.JPG,313,540,,한큐전철
image_Crítica_textual.jpg,data/image_Crítica_textual.jpg,https://upload.wikimedia.org/wikipedia/commons/1/1c/Canterbury_Tales.png,283,331,,Crítica textual
image_Hiệp_ước_Xô-Đức.jpg,data/image_Hiệp_ước_Xô-Đức.jpg,http://upload.wikimedia.org/wikipedia/commons/9/9c/Bundesarchiv_Bild_183-R69173%2C_M%C3%BCnchener_Abkommen%2C_Staatschefs.jpg,548,800,,Hiệp ước Xô-Đức
image_Brian_Joubert.jpg,data/image_Brian_Joubert.jpg,https://upload.wikimedia.org/wikipedia/commons/5/5b/Joubert_2008TEB_by_Carmichael.jpg,504,340,,Brian Joubert
image_บาร์เรล.jpg,data/image_บาร์เรล.jpg,https://upload.wikimedia.org/wikipedia/commons/b/b7/Bluebbl.png,200,133,,บาร์เรล
image_Krūties_vėžys.jpg,data/image_Krūties_vėžys.jpg,https://upload.wikimedia.org/wikipedia/commons/d/d0/Mammogram_showing_breast_cancer.jpg,359,261,,Krūties vėžys
image_Single-cell_analysis.jpg,data/image_Single-cell_analysis.jpg,http://upload.wikimedia.org/wikipedia/commons/0/09/Proteinsynthesis.png,410,250,,Single-cell analysis
image_Bible_translations_into_Malay.jpg,data/image_Bible_translations_into_Malay.jpg,https://upload.wikimedia.org/wikipedia/commons/7/7e/Klinkert-Deuteronomy.jpg,480,480,,Bible translations into Malay
"image_The_Lion_in_Winter_(film,_1968).jpg","data/image_The_Lion_in_Winter_(film,_1968).jpg",https://upload.wikimedia.org/wikipedia/commons/3/3d/Hep-lion.jpg,309,475,,"The Lion in Winter (film, 1968)"
image_Liberal_Party_of_Australia.jpg,data/image_Liberal_Party_of_Australia.jpg,https://upload.wikimedia.org/wikipedia/commons/8/87/Vladimir_Putin_at_APEC_Summit_in_Australia_7-9_September_2007-18.jpg,334,500,,Liberal Party of Australia
image_Sea_Zenith.jpg,data/image_Sea_Zenith.jpg,http://upload.wikimedia.org/wikipedia/commons/4/4b/Seaguard.jpg,227,300,,Sea Zenith
image_চন্দ্রকান্ত_সন্দিকৈ_ভবন.jpg,data/image_চন্দ্রকান্ত_সন্দিকৈ_ভবন.jpg,https://upload.wikimedia.org/wikipedia/commons/9/9c/Chandrakanta_Handique_Bhawan.JPG,768,1024,,চন্দ্রকান্ত সন্দিকৈ ভবন
image_Nemzetközi_repülőterek_listája.jpg,data/image_Nemzetközi_repülőterek_listája.jpg,https://upload.wikimedia.org/wikipedia/commons/e/ef/AMD2.jpg,1536,2048,,Nemzetközi repülőterek listája
image_Cronologia_dell'assassinio_di_John_Fitzgerald_Kennedy.jpg,data/image_Cronologia_dell'assassinio_di_John_Fitzgerald_Kennedy.jpg,https://upload.wikimedia.org/wikipedia/commons/f/f4/HSCA-Croft-bunched-jacket-6-44.jpg,129,116,,Cronologia dell'assassinio di John Fitzgerald Kennedy
image_滿洲國軍.jpg,data/image_滿洲國軍.jpg,https://upload.wikimedia.org/wikipedia/commons/c/ce/Manchukuo_Honor_Guard.JPG,420,491,,滿洲國軍
"image_Prelude_and_Fugue_in_C-sharp_major,_BWV_848.jpg","data/image_Prelude_and_Fugue_in_C-sharp_major,_BWV_848.jpg",https://upload.wikimedia.org/wikipedia/commons/8/87/Bach_Fugue_BWV_848_Subject.png,145,524,,"Prelude and Fugue in C-sharp major, BWV 848"
image_Air_France.jpg,data/image_Air_France.jpg,https://upload.wikimedia.org/wikipedia/en/9/9d/Square_Max_Hymans_%28Paris%29.jpg,225,300,,Air France
image_When_You_Get_a_Little_Lonely.jpg,data/image_When_You_Get_a_Little_Lonely.jpg,https://upload.wikimedia.org/wikipedia/commons/9/99/Marcia%2C_Marcia%2C_Marcia.png,542,364,,When You Get a Little Lonely
image_Priyadarshan.jpg,data/image_Priyadarshan.jpg,https://upload.wikimedia.org/wikipedia/commons/a/aa/Priyadarshan_at_a_press_conference_for_%E2%80%98Kamaal_Dhamaal_Malamaal%E2%80%99_%28cropped%29.jpg,492,503,,Priyadarshan
image_เรือลาดตระเวนประจัญบานรัสเซียปิออตร์เวลีคี.jpg,data/image_เรือลาดตระเวนประจัญบานรัสเซียปิออตร์เวลีคี.jpg,https://upload.wikimedia.org/wikipedia/commons/0/00/Russian_Battle_Cruiser_Pyotr_Velikiy.jpg,364,600,,เรือลาดตระเวนประจัญบานรัสเซียปิออตร์เวลีคี
image_Ку_Бон_Му.jpg,data/image_Ку_Бон_Му.jpg,https://upload.wikimedia.org/wikipedia/commons/b/b3/Koo_Bon-Moo.jpg,137,126,,Ку Бон Му
image_Mandovi_Bridge_(Goa).jpg,data/image_Mandovi_Bridge_(Goa).jpg,https://upload.wikimedia.org/wikipedia/commons/e/e8/Mandovi_Bridge.png,638,1298,,Mandovi Bridge (Goa)
image_Cascadia.jpg,data/image_Cascadia.jpg,https://upload.wikimedia.org/wikipedia/commons/7/7b/Cascadiasoccerflag.jpg,423,1000,,Cascadia
image_धौलाधार.jpg,data/image_धौलाधार.jpg,https://upload.wikimedia.org/wikipedia/commons/4/4f/Montaro_Dhauladhar_%28foto_de_Dharamsala%29.jpg,480,640,,धौलाधार
image_आचार्य.jpg,data/image_आचार्य.jpg,https://upload.wikimedia.org/wikipedia/commons/0/01/Gurukul.jpg,216,288,,आचार्य
image_興仁寺.jpg,data/image_興仁寺.jpg,https://upload.wikimedia.org/wikipedia/commons/3/35/Mongolia_GerTemple01.JPG,480,640,,興仁寺
image_Choi_Yoon-so.jpg,data/image_Choi_Yoon-so.jpg,https://upload.wikimedia.org/wikipedia/commons/2/25/191231_%EC%B5%9C%EC%9C%A4%EC%86%8C.jpg,372,276,,Choi Yoon-so
image_एलिजाबेथ_हर्ली.jpg,data/image_एलिजाबेथ_हर्ली.jpg,https://upload.wikimedia.org/wikipedia/commons/b/bd/Hurley-husband.jpg,550,834,,एलिजाबेथ हर्ली
image_Bailiffgate_Museum.jpg,data/image_Bailiffgate_Museum.jpg,https://upload.wikimedia.org/wikipedia/commons/6/67/Stella_Vine_2001.jpg,336,275,,Bailiffgate Museum
image_Colony_of_Virginia.jpg,data/image_Colony_of_Virginia.jpg,https://upload.wikimedia.org/wikipedia/commons/2/24/Virginiacolony.png,627,600,,Colony of Virginia
image_Szerb_dinár.jpg,data/image_Szerb_dinár.jpg,https://upload.wikimedia.org/wikipedia/commons/3/36/20RSD_Front.jpg,154,325,,Szerb dinár
image_وی_وی_براون.jpg,data/image_وی_وی_براون.jpg,https://upload.wikimedia.org/wikipedia/commons/0/09/VV_Brown_at_Bristol_O2_Academy_6.jpg,1024,680,,وی وی براون
image_西本願寺.jpg,data/image_西本願寺.jpg,https://upload.wikimedia.org/wikipedia/commons/c/c8/Honganji_Daishoin_Plan.gif,266,200,,西本願寺
image_Шэран_Лектар.jpg,data/image_Шэран_Лектар.jpg,https://upload.wikimedia.org/wikipedia/commons/5/5d/Sharon_Lechter_writer.png,468,434,,Шэран Лектар
image_Списък_на_фигурите_в_Анатомията_на_Грей__IX._Неврология.jpg,data/image_Списък_на_фигурите_в_Анатомията_на_Грей__IX._Неврология.jpg,https://upload.wikimedia.org/wikipedia/commons/b/b4/Gray744.png,481,550,,Списък на фигурите в Анатомията на Грей: IX. Неврология
image_General_Service_Medal_(1918).jpg,data/image_General_Service_Medal_(1918).jpg,https://upload.wikimedia.org/wikipedia/commons/c/c3/General_Service_Medal%2C_Army_%26_RAF%2C_Obverse.jpg,599,334,,General Service Medal (1918)
image_TTL.jpg,data/image_TTL.jpg,https://upload.wikimedia.org/wikipedia/commons/5/50/TTL_Clock.jpg,474,340,,TTL
image_國立中山大學附屬國光高級中學.jpg,data/image_國立中山大學附屬國光高級中學.jpg,https://upload.wikimedia.org/wikipedia/commons/3/3c/%E4%B8%AD%E5%B1%B1%E5%A4%A7%E5%AD%B8%E9%99%84%E4%B8%AD%E6%A0%A1%E9%96%80.JPG,1410,1880,,國立中山大學附屬國光高級中學
image_Joseph_Boxhall.jpg,data/image_Joseph_Boxhall.jpg,https://upload.wikimedia.org/wikipedia/commons/7/71/Joseph_Groves_Boxhall.jpg,200,171,,Joseph Boxhall
image_1989년_혁명.jpg,data/image_1989년_혁명.jpg,https://upload.wikimedia.org/wikipedia/commons/e/e6/Evstafiev-chechnya-women-pray.jpg,489,700,,1989년 혁명
image_Portsmouth_NSY.jpg,data/image_Portsmouth_NSY.jpg,http://upload.wikimedia.org/wikipedia/commons/4/49/Portsmouth_Naval_Shipyard.jpg,320,600,,Portsmouth NSY
image_Ikayaki.jpg,data/image_Ikayaki.jpg,https://upload.wikimedia.org/wikipedia/commons/e/e1/Ikayaki.jpg,235,300,,Ikayaki
image_Uniforme_du_corps_diplomatique.jpg,data/image_Uniforme_du_corps_diplomatique.jpg,https://upload.wikimedia.org/wikipedia/commons/6/61/Hiroshi_Sait%C5%8D_at_the_diplomatic_reception_at_White_House.jpg,930,762,,Uniforme du corps diplomatique
"image_Sibalom,_Antique.jpg","data/image_Sibalom,_Antique.jpg",http://upload.wikimedia.org/wikipedia/commons/7/7e/Ph_locator_antique_sibalom.png,350,300,,"Sibalom, Antique"
image_Mohamed_Fadhel_Ben_Achour.jpg,data/image_Mohamed_Fadhel_Ben_Achour.jpg,http://upload.wikimedia.org/wikipedia/commons/0/03/Mohamed_Fadhel_Ben_Achour.jpg,175,151,,Mohamed Fadhel Ben Achour
image_중구_(대구광역시).jpg,data/image_중구_(대구광역시).jpg,https://upload.wikimedia.org/wikipedia/commons/f/fd/10%EA%B2%BD_%EC%84%9C%EB%AC%B8%EC%8B%9C%EC%9E%A5.jpg,453,680,,중구 (대구광역시)
image_Surfboard.jpg,data/image_Surfboard.jpg,https://upload.wikimedia.org/wikipedia/commons/c/c0/Riley-longboard-classic2.jpg,131,450,,Surfboard
image_Legión_de_Honor.jpg,data/image_Legión_de_Honor.jpg,https://upload.wikimedia.org/wikipedia/commons/2/24/Premiere-legion-dhonneur.jpg,423,600,,Legión de Honor
image_Little_Egypt.jpg,data/image_Little_Egypt.jpg,https://upload.wikimedia.org/wikipedia/commons/9/92/Little_egypt_dancer.JPG,300,222,,Little Egypt
image_ರಾಷ್ಟ್ರೀಯ_ಹೆದ್ದಾರಿ_(ಭಾರತ).jpg,data/image_ರಾಷ್ಟ್ರೀಯ_ಹೆದ್ದಾರಿ_(ಭಾರತ).jpg,https://upload.wikimedia.org/wikipedia/commons/5/5e/Salem_NH47_trumpet_exchange.jpg,542,1384,,ರಾಷ್ಟ್ರೀಯ ಹೆದ್ದಾರಿ (ಭಾರತ)
image_Peter_Enckelman.jpg,data/image_Peter_Enckelman.jpg,https://upload.wikimedia.org/wikipedia/commons/3/35/Enckelman%2C_Peter_%283%29.jpg,494,259,,Peter Enckelman
image_Sonic_the_Hedgehog_2_(16-bit).jpg,data/image_Sonic_the_Hedgehog_2_(16-bit).jpg,https://upload.wikimedia.org/wikipedia/commons/e/ee/3_rotating_rings.gif,135,180,,Sonic the Hedgehog 2 (16-bit)
image_New_York_Dolls_(álbum).jpg,data/image_New_York_Dolls_(álbum).jpg,https://upload.wikimedia.org/wikipedia/commons/a/ab/New_York_Dolls_-_TopPop_1973_02.png,502,500,,New York Dolls (álbum)
image_Taxon.jpg,data/image_Taxon.jpg,https://upload.wikimedia.org/wikipedia/commons/a/ab/Hierarchical_clustering_diagram.png,344,433,,Taxon
image_Superphénix.jpg,data/image_Superphénix.jpg,https://upload.wikimedia.org/wikipedia/commons/3/38/Lionel_Jospin%2C_le_30_septembre_1997.jpg,302,240,,Superphénix
image_キャピトル東急ホテル.jpg,data/image_キャピトル東急ホテル.jpg,http://upload.wikimedia.org/wikipedia/commons/a/a9/Capitol_Tokyu_Hotel.JPG,640,480,,キャピトル東急ホテル
image_Heiligengeistfeld.jpg,data/image_Heiligengeistfeld.jpg,https://upload.wikimedia.org/wikipedia/commons/e/e4/Hamburg_Dom_08.jpg,603,796,,Heiligengeistfeld
image_Семирамида.jpg,data/image_Семирамида.jpg,https://upload.wikimedia.org/wikipedia/commons/3/39/Great_Semiramis%2C_Queen_of_Assyria_-_Cesare_Saccaggi.jpg,1759,1042,,Семирамида
image_FN_CAL.jpg,data/image_FN_CAL.jpg,https://upload.wikimedia.org/wikipedia/commons/9/9d/FN_CAL_close1.JPG,347,961,,FN CAL
image_보이테크.jpg,data/image_보이테크.jpg,https://upload.wikimedia.org/wikipedia/commons/3/3d/Wojtek_at_Winfield_Aerodrome_on_Sunwick_Farm%2C_near_Hutton_in_Berwickshire_after_the_war.jpg,1300,1021,,보이테크
image_Madonna_(cantante).jpg,data/image_Madonna_(cantante).jpg,https://upload.wikimedia.org/wikipedia/commons/4/4c/MadonnaDrownedWorld8_cropped.jpg,368,240,,Madonna (cantante)
image_Curia_romană.jpg,data/image_Curia_romană.jpg,https://upload.wikimedia.org/wikipedia/commons/5/56/Curia_Iulia.JPG,513,532,,Curia romană
image_Gége.jpg,data/image_Gége.jpg,https://upload.wikimedia.org/wikipedia/commons/4/47/Larynx_endo_2.jpg,295,478,,Gége
image_Liakat_Ali_Xon.jpg,data/image_Liakat_Ali_Xon.jpg,https://upload.wikimedia.org/wikipedia/commons/8/88/Liaquat_Ali_Khan_1945.jpg,903,655,,Liakat Ali Xon
image_Հենրի_Ֆիլդինգ.jpg,data/image_Հենրի_Ֆիլդինգ.jpg,http://upload.wikimedia.org/wikipedia/commons/0/08/Henry_Fielding.png,258,213,,Հենրի Ֆիլդինգ
image_林周煥.jpg,data/image_林周煥.jpg,https://upload.wikimedia.org/wikipedia/commons/9/90/190502_MBC_%27%EC%9D%B4%EB%AA%BD%27_%EC%A0%9C%EC%9E%91%EB%B0%9C%ED%91%9C%ED%9A%8C_%EC%9E%84%EC%A3%BC%ED%99%98_%281%29.jpg,432,383,,林周煥
image_List_of_waterfalls_by_type.jpg,data/image_List_of_waterfalls_by_type.jpg,http://upload.wikimedia.org/wikipedia/commons/7/7e/Garganta_del_Diablo_or_Devil_Throat_Iguazu_Falls_Argentina_Luca_Galuzzi_2005.JPG,1333,2000,,List of waterfalls by type
image_黄志平.jpg,data/image_黄志平.jpg,https://upload.wikimedia.org/wikipedia/commons/6/6d/Ng_Chee_Peng.jpg,600,400,,黄志平
image_Staphylococcus_epidermidis.jpg,data/image_Staphylococcus_epidermidis.jpg,https://upload.wikimedia.org/wikipedia/commons/e/e0/Staphylococcus_epidermidis_01.png,412,700,,Staphylococcus epidermidis
image_Joliet_Army_Ammunition_Plant.jpg,data/image_Joliet_Army_Ammunition_Plant.jpg,https://upload.wikimedia.org/wikipedia/commons/e/e1/Joliet_Arsenal_proposed_redevelopment_map.png,334,400,,Joliet Army Ammunition Plant
image_Tomášovo_evangelium.jpg,data/image_Tomášovo_evangelium.jpg,http://upload.wikimedia.org/wikipedia/commons/c/cf/Thomas_the_Apostle_mosaic.jpg,244,250,,Tomášovo evangelium
image_竹久夢二.jpg,data/image_竹久夢二.jpg,https://upload.wikimedia.org/wikipedia/commons/3/35/Sakurai_Yaeko.jpg,627,392,,竹久夢二
image_Evan_Stone.jpg,data/image_Evan_Stone.jpg,https://upload.wikimedia.org/wikipedia/commons/0/0e/Evan_Stone_at_XRCO_Awards_2007_1.jpg,634,505,,Evan Stone
image_गुरु_नानक.jpg,data/image_गुरु_नानक.jpg,https://upload.wikimedia.org/wikipedia/commons/3/32/Guru_Nanak_Dev_Ji_at_Mecca.jpg,331,499,,गुरु नानक
image_フリッツ・ジュベール・デュケイン.jpg,data/image_フリッツ・ジュベール・デュケイン.jpg,https://upload.wikimedia.org/wikipedia/commons/6/6f/Duquesne_1913.jpg,390,292,,フリッツ・ジュベール・デュケイン
image_Người_Tiều_(Việt_Nam).jpg,data/image_Người_Tiều_(Việt_Nam).jpg,https://upload.wikimedia.org/wikipedia/commons/f/f7/Trieu_Chau_Assembly_Hall.jpg,768,1024,,Người Tiều (Việt Nam)
image_이코마시.jpg,data/image_이코마시.jpg,https://upload.wikimedia.org/wikipedia/commons/a/a4/Ikoma_montage.JPG,523,385,,이코마시
image_Synagogue_de_Göppingen_(1881-1938).jpg,data/image_Synagogue_de_Göppingen_(1881-1938).jpg,https://upload.wikimedia.org/wikipedia/commons/e/ec/Tanzer_-_1917.jpg,335,232,,Synagogue de Göppingen (1881-1938)
image_おっとっと.jpg,data/image_おっとっと.jpg,https://upload.wikimedia.org/wikipedia/commons/b/b1/%E3%81%A9%E3%81%86%E3%81%B6%E3%81%A4%E3%81%AE%E3%81%AA%E3%81%8B%E3%81%BE%E3%81%8A%E3%81%A3%E3%81%A8%E3%81%A3%E3%81%A8.jpg,612,612,,おっとっと
image_Chymosine.jpg,data/image_Chymosine.jpg,https://upload.wikimedia.org/wikipedia/commons/3/36/4auc.jpg,797,1000,,Chymosine
image_Margarita_Mamun.jpg,data/image_Margarita_Mamun.jpg,https://upload.wikimedia.org/wikipedia/commons/a/a9/Margarita_Mamun_%28cropped%29.jpg,499,329,,Margarita Mamun
image_Pikuach_nefesh.jpg,data/image_Pikuach_nefesh.jpg,https://upload.wikimedia.org/wikipedia/commons/d/d2/Sabbath_elevator.jpg,1944,2592,,Pikuach nefesh
image_சூச்சிபாரா_அருவி.jpg,data/image_சூச்சிபாரா_அருவி.jpg,https://upload.wikimedia.org/wikipedia/commons/f/fd/Soochipara_Falls%2C_Wayanad_Kerala%2C_2013_%28Landscape%29.jpeg,1936,2592,,சூச்சிபாரா அருவி
image_Cecil_Rhodes.jpg,data/image_Cecil_Rhodes.jpg,https://upload.wikimedia.org/wikipedia/commons/e/e0/Rhodes_Arts_Complex_and_Bishop%27s_Stortford_Museum_-_geograph.org.uk_-_592543.jpg,480,640,,Cecil Rhodes
image_Cà_chua_nho.jpg,data/image_Cà_chua_nho.jpg,https://upload.wikimedia.org/wikipedia/commons/f/f1/Grape_tomatoes_on_the_vine.JPG,800,1067,,Cà chua nho
image_Liludi_Dharati.jpg,data/image_Liludi_Dharati.jpg,https://upload.wikimedia.org/wikipedia/commons/4/4a/Liludi_Dharati_Gujarati_novel_cover_page.jpg,599,417,,Liludi Dharati
image_Список_византийских_императоров.jpg,data/image_Список_византийских_императоров.jpg,https://upload.wikimedia.org/wikipedia/commons/e/e1/Solidus_of_Anastasius_II.jpg,234,239,,Список византийских императоров
image_ボーイング727.jpg,data/image_ボーイング727.jpg,https://upload.wikimedia.org/wikipedia/commons/d/df/Trump-air2.jpg,448,1000,,ボーイング727
image_José_Rizal.jpg,data/image_José_Rizal.jpg,https://upload.wikimedia.org/wikipedia/commons/2/23/Theodora_alonzo_quintos.jpg,415,308,,José Rizal
image_Armada_India_Timur.jpg,data/image_Armada_India_Timur.jpg,https://upload.wikimedia.org/wikipedia/commons/7/7d/EastIndiaman.jpg,540,400,,Armada India Timur
image_روہت_شیٹی.jpg,data/image_روہت_شیٹی.jpg,https://upload.wikimedia.org/wikipedia/commons/9/9e/Ajay_Devgn_and_Rohit_Shetty.jpg,439,494,,روہت شیٹی
image_سونگ_می_لینگ.jpg,data/image_سونگ_می_لینگ.jpg,https://upload.wikimedia.org/wikipedia/commons/7/75/1943_Chiang_Kai-shek_and_Soong_May-ling.jpg,833,629,,سونگ می لینگ
image_ডগ_বলিঙ্গার.jpg,data/image_ডগ_বলিঙ্গার.jpg,https://upload.wikimedia.org/wikipedia/commons/4/41/Doug_Bollinger.jpg,500,410,,ডগ বলিঙ্গার
image_Въоръжени_сили_на_Италия.jpg,data/image_Въоръжени_сили_на_Италия.jpg,https://upload.wikimedia.org/wikipedia/commons/d/dc/2june2006_288.jpg,1200,1600,,Въоръжени сили на Италия
image_Ruta_del_ácido_shikímico.jpg,data/image_Ruta_del_ácido_shikímico.jpg,https://upload.wikimedia.org/wikipedia/commons/a/a2/Rifamycin_biosynthesis.gif,563,833,,Ruta del ácido shikímico
image_City_of_Shepparton.jpg,data/image_City_of_Shepparton.jpg,https://upload.wikimedia.org/wikipedia/commons/0/04/Old_lgadot_Shepparton.png,179,250,,City of Shepparton
image_Spark-gap_transmitter.jpg,data/image_Spark-gap_transmitter.jpg,https://upload.wikimedia.org/wikipedia/commons/f/ff/Hertz_first_oscillator.png,233,1345,,Spark-gap transmitter
image_Dare_(La_La_La).jpg,data/image_Dare_(La_La_La).jpg,https://upload.wikimedia.org/wikipedia/commons/a/ad/Neymargoldenball.jpg,887,565,,Dare (La La La)
image_Erling_Mandelmann.jpg,data/image_Erling_Mandelmann.jpg,https://upload.wikimedia.org/wikipedia/commons/1/12/Georges_Simenon_%281963%29_by_Erling_Mandelmann.jpg,300,263,,Erling Mandelmann
image_阿爾卡特拉斯島.jpg,data/image_阿爾卡特拉斯島.jpg,https://upload.wikimedia.org/wikipedia/commons/f/f7/Satellite_Image_of_Alcatraz.jpg,540,1059,,阿爾卡特拉斯島
image_Hydrophobe.jpg,data/image_Hydrophobe.jpg,https://upload.wikimedia.org/wikipedia/commons/3/34/150_deg_water_contact_angle.png,344,376,,Hydrophobe
image_安信源.jpg,data/image_安信源.jpg,https://upload.wikimedia.org/wikipedia/commons/0/0d/Danny_Ahn_from_acrofan.jpg,321,281,,安信源
image_لا_تروشيتا.jpg,data/image_لا_تروشيتا.jpg,http://upload.wikimedia.org/wikipedia/commons/f/f0/IngenieroJacobacci112.JPG,2112,2816,,لا تروشيتا
image_Марко_Перкович.jpg,data/image_Марко_Перкович.jpg,https://upload.wikimedia.org/wikipedia/commons/7/7d/M._P._Thompson.jpg,550,399,,Марко Перкович
image_1995.jpg,data/image_1995.jpg,https://upload.wikimedia.org/wikipedia/commons/c/c0/Jerry-Garcia-01cropped.jpg,927,723,,1995
image_Pouter.jpg,data/image_Pouter.jpg,http://upload.wikimedia.org/wikipedia/commons/7/75/Pigmy_Pouter.jpg,873,796,,Pouter
image_Lamiales.jpg,data/image_Lamiales.jpg,https://upload.wikimedia.org/wikipedia/commons/2/20/Rosemaryflower.jpg,614,461,,Lamiales
image_برج_هانوی.jpg,data/image_برج_هانوی.jpg,http://upload.wikimedia.org/wikipedia/commons/6/60/Tower_of_Hanoi_4.gif,125,320,,برج هانوی
image_Lịch_sử_hội_họa.jpg,data/image_Lịch_sử_hội_họa.jpg,https://upload.wikimedia.org/wikipedia/commons/c/cd/Zhao_Mengfu1.jpg,265,576,,Lịch sử hội họa
image_हेलेना.jpg,data/image_हेलेना.jpg,https://upload.wikimedia.org/wikipedia/commons/6/6d/Constantine_and_Helena._Mosaic_in_Saint_Isaac%27s_Cathedral.jpg,550,349,,हेलेना
image_Cuina_medieval.jpg,data/image_Cuina_medieval.jpg,https://upload.wikimedia.org/wikipedia/commons/0/07/Tacuinum_Sanitatis-fishing_lamprey.jpg,444,378,,Cuina medieval
image_Dave_Henderson.jpg,data/image_Dave_Henderson.jpg,https://upload.wikimedia.org/wikipedia/commons/5/55/Dave_Henderson_1989.jpg,303,313,,Dave Henderson
image_კუვასი.jpg,data/image_კუვასი.jpg,https://upload.wikimedia.org/wikipedia/commons/7/76/Kuvasz_named_Kan.jpg,516,720,,კუვასი
image_Wolfgang_Lotz.jpg,data/image_Wolfgang_Lotz.jpg,https://upload.wikimedia.org/wikipedia/commons/3/3c/Wolfgang_Lotz_-_1950.jpg,405,176,,Wolfgang Lotz
image_Jabiru_5100.jpg,data/image_Jabiru_5100.jpg,https://upload.wikimedia.org/wikipedia/commons/f/fe/Jabiru5100-180hp.jpg,563,750,,Jabiru 5100
image_Woyzeck.jpg,data/image_Woyzeck.jpg,https://upload.wikimedia.org/wikipedia/commons/3/37/FOLIO4.jpg,568,395,,Woyzeck
image_เซลล์รับแสง.jpg,data/image_เซลล์รับแสง.jpg,https://upload.wikimedia.org/wikipedia/commons/a/a6/ConeMosaics.jpg,338,600,,เซลล์รับแสง
image_HAL_Light_Combat_Helicopter.jpg,data/image_HAL_Light_Combat_Helicopter.jpg,https://upload.wikimedia.org/wikipedia/commons/d/dc/Lch.jpg,435,580,,HAL Light Combat Helicopter
image_Govinda_(actor).jpg,data/image_Govinda_(actor).jpg,https://upload.wikimedia.org/wikipedia/commons/f/f6/Govinda_snapped_at_trailer_launch_of_the_film_Fry_Day_%28cropped%29.jpg,234,223,,Govinda (actor)
image_S-Video.jpg,data/image_S-Video.jpg,http://upload.wikimedia.org/wikipedia/commons/6/6b/S.video.socket.png,174,246,,S-Video
image_抗微生物薬耐性.jpg,data/image_抗微生物薬耐性.jpg,https://upload.wikimedia.org/wikipedia/commons/5/54/WhatIsDrugResistance.gif,372,400,,抗微生物薬耐性
image_Air_India_Express_Flight_812.jpg,data/image_Air_India_Express_Flight_812.jpg,https://upload.wikimedia.org/wikipedia/commons/1/18/Bajpe_plane_crash_%2873%29.jpg,371,495,,Air India Express Flight 812
image_오니마루.jpg,data/image_오니마루.jpg,https://upload.wikimedia.org/wikipedia/commons/9/9a/%E9%AC%BC%E4%B8%B8%E5%9B%BD%E7%BA%B2%E5%AE%9E%E7%89%A9.jpg,1045,587,,오니마루
image_girl_smiling.jpg,data/glassesgirl.jpg",,300,300,Girl smiling with glasses,glassesgirl
maleimagespecs.jpg,data/maleimagespecs.jpg,,400,250,male with glasses,maleimagespecs